,Company,Valuation ($B),Date Joined,Country,City,Industry,Select Investors
0,Bytedance,$140,4/7/2017,China,Beijing,Artificial intelligence,Sequoia Capital China SIG Asia Investments Sina Weibo Softbank Group
1,Stripe,$95,1/23/2014,United States,San Francisco,Fintech,Khosla Ventures LowercaseCapital capitalG
2,SpaceX,$74,12/1/2012,United States,Hawthorne,Other,Founders Fund Draper Fisher Jurvetson Rothenberg Ventures
3,Didi Chuxing,$62,3/31/2015,China,Beijing,Auto & transportation,Matrix Partners Tiger Global Management Softbank Corp.
4,Klarna,$45.6,12/12/2011,Sweden,Stockholm,Fintech,Institutional Venture Partners Sequoia Capital General Atlantic
5,Instacart,$39,12/30/2014,United States,San Francisco,Supply chain logistics & delivery,Khosla Ventures Kleiner Perkins Caufield & Byers Collaborative Fund
6,Nubank,$30,3/1/2018,Brazil,Sao Paulo,Fintech,Sequoia Capital Redpoint e.ventures Kaszek Ventures
7,Epic Games,$28.7,10/26/2018,United States,Cary,Other,Tencent Holdings KKR Smash Ventures
8,Databricks,$28,2/5/2019,United States,San Francisco,Data management & analytics,Andreessen Horowitz New Enterprise Associates Battery Ventures
9,Rivian,$27.6,9/10/2019,United States,Plymouth,Auto & transportation,Amazon Ford Motor Company Cox Automotive
10,BYJU's,$16.5,7/25/2017,India,Bengaluru,Edtech,Tencent Holdings Lightspeed India Partners Sequoia Capital India
11,One97 Communications,$16,5/12/2015,India,Noida,Fintech,Intel Capital Sapphire Ventures Alibaba Group
12,Yuanfudao,$15.5,5/31/2017,China,Beijing,Edtech,Tencent Holdings Warbug Pincus IDG Capital
13,DJI Innovations,$15,1/23/2015,China,Shenzhen,Hardware,Accel Partners Sequoia Capital
14,Canva,$15,1/8/2018,Australia,Surry Hills,Internet software & services,Sequoia Capital China Blackbird Ventures Matrix Partners
15,SHEIN,$15,7/3/2018,China,Shenzhen,E-commerce & direct-to-consumer,Tiger Global Management Sequoia Capital China Shunwei Capital Partners
16,Checkout.com,$15,5/2/2019,United Kingdom,London,Fintech,Tiger Global Management Insight Partners DST Global
17,Chime,$14.5,3/5/2019,United States,San Francisco,Fintech,Forerunner Ventures Crosslink Capital Homebrew
18,Grab,$14.3,12/4/2014,Singapore,,Auto & transportation,GGV Capital Vertex Venture Holdings Softbank Group
19,Plaid Technologies,$13.5,12/11/2018,United States,San Francisco,Fintech,New Enterprise Associates Spar Capital Index Ventures
20,Fanatics,$12.8,6/6/2012,United States,Jacksonville,E-commerce & direct-to-consumer,SoftBank Group Andreessen Horowitz Temasek Holdings
21,SenseTime,$12,7/11/2017,China,Shanghai,Artificial intelligence,Star VC IDG Capital Infore Capital Alibaba Group
22,JUUL Labs,$12,12/20/2017,United States,San Francisco,Consumer & retail,Tiger Global Management
23,Manbang Group,$12,4/24/2018,China,Guiyang,Supply chain logistics & delivery,Softbank Group CapitalG
24,Bitmain Technologies,$12,7/6/2018,China,Beijing,Hardware,Coatue Management Sequoia Capital China IDG Capital
25,Biosplice Therapeutics,$12,8/6/2018,United States,San Diego,Health,Vickers Venture Partners IKEA GreenTech
26,Robinhood,$11.7,4/26/2017,United States,Menlo Park,Fintech,Google Ventures Andreessen Horowitz DST Global
27,Global Switch,$11.1,12/22/2016,United Kingdom,London,Hardware,Aviation Industry Corporation of China Essence Financial Jiangsu Sha Steel Group
28,Celonis,$11,6/26/2018,Germany,Munich,Data management & analytics,Accel 83North
29,Aurora,$10,2/7/2019,United States,Mountain View,Auto & transportation,Index Ventures Greylock Partners Lightspeed Venture Partners
30,Lalamove,$10,2/21/2019,Hong Kong,,Supply chain logistics & delivery,MindWorks Ventures Shunwei Capital Partners Xiang He Capital
31,Ripple,$10,12/20/2019,United States,San Francisco,Fintech,IDG Capital Venture51 Lightspeed Venture Partners
32,OutSystems,$9.5,6/5/2018,United States,Boston,Internet software & services,KKR ES Ventures North Bridge Growth Equity
33,Klaviyo,$9.2,11/17/2020,United States,Boston,Internet software & services,Summit Partners Accel Astral Capital
34,Roivant Sciences,$9.09,8/9/2017,United States,New York,Health,SoftBankGroup Founders Fund
35,Northvolt,$9.08,6/12/2019,Sweden,Stockholm,Other,Vattenfall Volkswagen Group Goldman Sachs
36,Tanium,$9,3/31/2015,United States,Kirkland,Cybersecurity,Andreessen Horowitz Nor-Cal Invest TPG Growth
37,Chehaoduo,$9,3/12/2016,China,Beijing,E-commerce & direct-to-consumer,Sequoia Capital China GX Capital
38,OYO Rooms,$9,9/25/2018,India,Gurugram,Travel,SoftBank Group Sequoia Capital IndiaLightspeed India Partners
39,goPuff,$8.9,10/8/2020,United States,Philadelphia,E-commerce & direct-to-consumer,Accel Softbank Group Anthos Capital
40,ServiceTitan,$8.3,11/14/2018,United States,Glendale,Internet software & services,Bessemer Venture Partners ICONIQ Capital Battery Ventures
41,Tempus,$8.1,3/21/2018,United States,Chicago,Health,New Enterprise Associates T. Rowe Associates Lightbank
42,Xingsheng Selected,$8,7/22/2020,China,Changsha,E-commerce & direct-to-consumer,KKR Tencent Holdings Sequoia Capital China
43,Getir,$7.5,3/26/2021,Turkey,Istanbul,E-commerce & direct-to-consumer,Tiger Global Management Sequoia Capital Revo Capital
44,Caris Life Sciences,$7.83,5/12/2021,United States,Irving,Health,Sixth Street Partners OrbiMed Advisors Highland Capital Management
45,J&T Express,$7.8,4/7/2021,Indonesia,Jakarta,Supply chain logistics & delivery,Hillhouse Capital Management Boyu Capital Sequoia Capital China
46,Brex,$7.4,10/5/2018,United States,San Francisco,Fintech,DST Global Ribbit Capital Greenoaks Capital Management
47,Argo AI,$7.25,7/12/2019,United States,Pittsburgh,Artificial intelligence,Volkswagen Group Ford Autonomous Vehicles
48,Gong,$7.25,8/12/2020,United States,San Francisco,Artificial intelligence,Norwest Venture Partners Next World Capital Wing Venture Capital
49,We Doctor,$7,9/22/2015,China,Hangzhou,Health,Tencent Morningside Group
50,Discord,$7,4/20/2018,United States,San Francisco,Internet software & services,Benchmark Greylock Partners Tencent Holdings
51,Scale AI,$7.3,8/5/2019,United States,San Francisco,Artificial intelligence,Accel Y Combinator Index Ventures
52,Faire,$7,10/30/2019,United States,San Francisco,Artificial intelligence,Khosla Ventures Forerunner Ventures Sequoia Capital
53,Automation Anywhere,$6.8,7/2/2018,United States,San Jose,Artificial intelligence,General Atlantic Goldman Sachs New Enterprise Associates
54,Ziroom,$6.6,1/17/2018,China,Beijing,E-commerce & direct-to-consumer,Sequoia Capital China Warburg Pincus General Catalyst
55,National Stock Exchange of India,$6.5,7/1/2020,India,Mumbai,Fintech,TA Associates SoftBank Group GS Growth
56,Compass,$6.4,8/31/2016,United States,New York,E-commerce & direct-to-consumer,Founders Fund Thrive Capital Wellington Management
57,Ola Cabs,$6.3,10/27/2014,India,Bengaluru,Auto & transportation,Accel Partners SoftBank Group Sequoia Capital
58,Samsara Networks,$6.3,3/22/2018,United States,San Francisco,Hardware,Andreessen Horowitz General Catalyst
59,Royole Corporation,$6,8/18/2015,China,Shenzhen,Hardware,Warmsun Holding IDG Capital Partners
60,reddit,$6,7/31/2017,United States,San Francisco,Internet software & services,Y Combinator Sequoia Capital Coatue Management
61,GitLab,$6,9/19/2018,United States,San Francisco,Internet software & services,Google Ventures ICONIQ Capital Khosla Ventures
62,Yuanqi Senlin,$6,3/1/2020,China,Beijing,Consumer & retail,Sequoia Capital China Longfor Capitalm Gaorong Capital
63,Thrasio,$6,7/15/2020,United States,Walpole,Other,Upper90 RiverPark Ventures Advent International
64,Better.com,$6,11/10/2020,United States,New York,Fintech,Pine Brook American Express Ventures Kleiner Perkins Caufield & Byers
65,Easyhome,$5.78,2/12/2018,China,Beijing,Consumer & retail,Alibaba Group Boyu Capital Borui Capital
66,Lianjia,$5.77,4/7/2016,China,Beijing,E-commerce & direct-to-consumer,Tencent Baidu Huasheng Capital
67,Airtable,$5.77,11/15/2018,United States,San Francisco,Internet software & services,Caffeinated Capital CRV Founder Collective
68,Vice Media,$5.7,4/2/2011,United States,Brooklyn,Internet software & services,Technology Crossover Ventures A&E Television Networks
69,Hopin,$5.65,11/10/2020,United Kingdom,London,Internet software & services,Accel Northzone Ventures Institutional Venture Partners
70,Revolut,$5.5,4/26/2018,United Kingdom,London,Fintech,index Ventures DST Global Ribbit Capital
71,Zomato,$5.4,4/10/2015,India,Gurugram,Internet software & services,Sequoia Capital VY Capital
72,Pony.ai,$5.3,7/11/2018,United States,Fremont,Artificial intelligence,Sequoia Capital China IDG Capital DCM Ventures
73,Trade Republic,$5.3,5/20/2021,Germany,Berlin,Fintech,Founders Fund. Accel Creandum
74,Blockchain.com,$5.2,2/17/2021,United Kingdom,London,Fintech,Lightspeed Venture Partners Google Ventures Lakestar
75,HashiCorp,$5.1,11/1/2018,United States,San Francisco,Internet software & services,Redpoint Ventures True Ventures Mayfield Fund
76,OneTrust,$5.1,7/11/2019,United States,Atlanta,Internet software & services,Insight Partners
77,Wise,$5,1/26/2015,United Kingdom,London,Fintech,IA Ventures Index Ventures SV Angel
78,United Imaging Healthcare,$5,9/15/2017,China,Shanghai,Health,China Life Insurance China Development Bank Capital CITIC Securities International
79,Hello TransTech,$5,6/1/2018,China,Shanghai,Auto & transportation,Ant Financial Services Group GGV Capital
80,Swiggy,$5,6/21/2018,India,Bengaluru,Supply chain logistics & delivery,Accel India SAIF Partners Norwest Venture Partners
81,Krafton Game Union,$5,8/9/2018,South Korea,Seongnam,Other,Tencent Holdings Stonebridge Capital IMM Investment
82,TripActions,$5,11/8/2018,United States,Palo Alto,Travel,Andreessen Horowitz Lightspeed Venture Partners Zeev Ventures
83,Nuro,$5,2/11/2019,United States,Mountain View,Auto & transportation,SoftBank Group Greylock Partners Gaorong Capital
84,WM Motor,$5,3/8/2019,China,Shanghai,Auto & transportation,Baidu Capital Linear Venture Tencent
85,Dream11,$5,4/9/2019,India,Mumbai,Internet software & services,Kaalari Capital Tencent Holdings Steadview Capital
86,Ro,$5,7/27/2020,United States,New York,Health,Initialized Capital General Catalyst SignalFire
87,Howden Group Holdings,$5,9/29/2020,United Kingdom,London,Other,General Atlantic 3i Group Huagai Capital
88,SambaNova Systems,$5,4/13/2021,United States,Palo Alto,Data management & analytics,Walden International Google Ventures Intel Capital
89,Toast,$4.9,7/10/2018,United States,Boston,Fintech,Bessemer Venture Partners Tiger Global Management Google Ventures
90,Magic Leap,$4.82,10/21/2014,United States,Plantation,Hardware,Obvious Ventures Qualcomm Ventures Andreessen Horowitz
91,Snyk,$4.7,1/21/2020,United States,Boston,Cybersecurity,BOLDstart Ventures Google Ventures Accel
92,Meizu Technology,$4.58,7/23/2014,China,Zhuhai,Hardware,Telling Telecommunication Holding Co. Alibaba Group
93,Vinted,$4.53,11/27/2019,Lithuania,Vilnius,E-commerce & direct-to-consumer,Accel Insight Partners Burda Principal Investments
94,Zenefits,$4.5,5/6/2015,United States,San Francisco,Fintech,SV Angel Institutional Venture Partners Venrock
95,VIPKid,$4.5,8/4/2016,China,Beijing,Edtech,Sequoia Capital China Tencent Holdings Sinovation Ventures
96,Confluent,$4.5,1/23/2019,United States,Mountain View,Data management & analytics,Benchmark Sequoia Capital Index Ventures
97,UBTECH Robotics,$4.45,7/25/2016,China,Shenzhen,Hardware,CDH Investments Goldstone Investments Qiming Venture Partners
98,Outreach,$4.4,4/16/2019,United States,Seattle,Internet software & services,Mayfield Fund M12 Trinity Ventures
99,Bolt,$4.3,5/29/2018,Estonia,Tallinn,Auto & transportation,Didi Chuxing Diamler TMT Investments
100,Ginkgo BioWorks,$4.2,12/14/2017,United States,Boston,Health,Y Combinator Data Collective MassVentures
101,Relativity Space,$4.2,11/23/2020,United States,Inglewood,Other,Playground Global Bond Tribe Capital
102,Amplitude,$4.15,5/21/2020,United States,San Francisco,Data management & analytics,Benchmark Battery Ventures Institutional Venture Partners
103,SSENSE,$4.15,6/8/2021,Canada,Montreal,E-commerce & direct-to-consumer,Sequoia Capital
104,Dataminr,$4.1,6/4/2018,United States,New York,Artificial intelligence,Venrock Institutional Venture Partners Goldman Sachs
105,Houzz,$4,9/30/2014,United States,Palo Alto,E-commerce & direct-to-consumer,New Enterprise Associates Sequoia Capital Comcast Ventures
106,Yello Mobile,$4,11/11/2014,South Korea,Seoul,Mobile & telecommunications,Formation 8
107,MEGVII,$4,10/31/2017,China,Beijing,Artificial intelligence,Ant Financial Services Group Russia-China Investment Fund Foxconn Technology Company
108,Niantic,$4,11/24/2017,United States,San Francisco,Mobile & telecommunications,Nintendo Google Pokemon Company International Spark Capital
109,Greensill,$4,7/16/2018,United Kingdom,London,Fintech,SoftBank Group General Atlantic
110,Impossible Foods,$4,5/13/2019,United States,Redwood City,Consumer & retail,Khosla Ventures Horizons Ventures Temasek Holdings
111,Radiology Partners,$4,7/19/2019,United States,El Segundo,Health,New Enterprise Associates Starr Investment Holdings
112,Next Insurance,$4,10/7/2019,United States,Palo Alto,Fintech,Zeev Ventures Ribbit Capital TLV Partners
113,Patreon,$4,9/2/2020,United States,San Francisco,Internet software & services,Index Ventures Thrive Capital CRV
114,Kavak,$4,10/1/2020,Mexico,Colonia Juarez,E-commerce & direct-to-consumer,DST Global SoftBank Group Mountain Nazca
115,PointClickCare,$4,1/7/2021,Canada,Mississauga,Internet software & services,Dragoneer Investment Group Hellman & Friedman JMI Equity
116,Zapier,$4,1/14/2021,United States,Sunnyvale,Internet software & services,Sequoia Capital Bessemer Venture Partners Threshold Ventures
117,Clubhouse,$4,1/24/2021,United States,Oakland,Mobile & telecommunications,Andreessen Horowitz TQ Ventures
118,Benchling,$4,4/14/2021,United States,San Francisco,Internet software & services,Thrive Capital Benchmark MenloVentures
119,QuintoAndar,$4,9/9/2019,Brazil,Campinas,E-commerce & direct-to-consumer,Kaszek Ventures General Atlantic SoftBank Group
120,Intarcia Therapeutics,$3.8,4/1/2014,United States,Boston,Health,New Enterprise Associates New Leaf Venture Partners Charter Venture Capital
121,Gusto,$3.8,12/18/2015,United States,San Francisco,Fintech,General Catalyst Partners Google Ventures Kleiner Perkins Caufield & Byers
122,StockX,$3.8,6/26/2019,United States,Detroit,E-commerce & direct-to-consumer,Google Ventures Battery Ventures DST Global
123,MessageBird,$3.8,10/8/2020,Netherlands,Amsterdam,Mobile & telecommunications,Y Combinator Atomico Accel
124,Devoted Health,$3.78,10/16/2018,United States,Waltham,Health,Andreessen Horowitz F-Prime Capital Venrock
125,Guild Education,$3.75,11/13/2019,United States,Denver,Internet software & services,Redpoint Ventures Harrison Metal Bessemer Venture Partners
126,Cohesity,$3.7,6/11/2018,United States,San Jose,Data management & analytics,SoftBank Group Sequoia Capital Wing Venture Capital
127,VAST Data,$3.7,4/16/2020,United States,New York,Data management & analytics,Norwest Venture Partners Goldman Sachs Dell Technologies Capital
128,Noom,$3.7,5/24/2020,United States,New York,Health,Qualcomm Ventures Samsung Ventures Silver Lake
129,Relativity,$3.6,3/18/2021,United States,Chicago,Internet software & services,Silver Lake ICONIQ Capital
130,Otto Bock HealthCare,$3.52,6/24/2017,Germany,Duderstadt,Health,EQT Partners
131,Indigo Ag,$3.5,9/26/2017,United States,Boston,Artificial intelligence,Activant Capital Group Alaska Permanent Fund Baillie Gifford & Co.
132,Bukalapak,$3.5,11/16/2017,Indonesia,Jakarta,E-commerce & direct-to-consumer,500 Startups Batavia Incubator Emtek Group
133,Freshworks,$3.5,7/31/2018,United States,San Mateo,Internet software & services,Accel Tiger Global Management capitalG
134,Rappi,$3.5,8/31/2018,Colombia,Bogota,Supply chain logistics & delivery,DST Global Andreessen Horowitz Sequoia Capital Redpoint e.ventures
135,N26,$3.5,1/10/2019,Germany,Berlin,Fintech,Redalpine Venture Partners Earlybird Venture Capital Valar Ventures
136,HyalRoute,$3.5,5/26/2020,Singapore,,Mobile & telecommunications,Kuang-Chi
137,Oxford Nanopore Technologies,$3.47,5/6/2012,United Kingdom,Oxford,Health,Illumina Invesco Perpetual IP Group
138,Youxia Motors,$3.35,4/2/2018,China,Shanghai,Auto & transportation,China Environmental Protection Industry China Fortune Ocean
139,Cloudwalk,$3.32,10/8/2018,China,Guangzhou,Artificial intelligence,Oriza Holdings Guangdong Technology Financial Group
140,Rubrik,$3.3,4/28/2017,United States,Palo Alto,Data management & analytics,Greylock Partners Lightspeed Venture Partners Khosla Ventures
141,Sila Nanotechnologies,$3.3,4/16/2019,United States,Alameda,Other,Bessemer Venture Partners Sutter Hill Ventures Matrix Partners
142,Blend,$3.3,6/24/2019,United States,San Francisco,Fintech,Lightspeed Venture Partners 8VC Greylock Partners
143,Scopely,$3.3,10/29/2019,United States,Culver City,Mobile & telecommunications,Greycroft Sands Capital Revolution Growth
144,Komodo Health,$3.3,3/22/2021,United States,San Francisco,Health,Andreessen Horowitz IA Ventures Felicis Ventures
145,WeRide,$3.3,12/23/2020,China,Guangzhou,Auto & transportation,Atop Capital IDInvest Partners Qiming Venture Partners
146,Dadi Cinema,$3.24,5/11/2016,China,Shenzhen,Other,Alibaba Pictures Group
147,Flexport,$3.2,4/30/2018,United States,San Francisco,Supply chain logistics & delivery,Bloomberg Beta Founders Fund First Round Capital
148,Udemy,$3.2,2/19/2020,United States,San Francisco,Edtech,MHS Capital Insight Partners Norwest Venture Partners
149,Cedar,$3.2,3/9/2021,United States,New York,Fintech,Thrive Capital Founders Fund Cocnord Health Partners
150,Figure Technologies,$3.2,11/5/2019,United States,San Francisco,Fintech,DCM Ventures Ribbit Capital RPM Ventures
151,Back Market,$3.2,5/18/2021,France,Paris,E-commerce & direct-to-consumer,Aglae Ventures Eurazeo Daphni
152,Huitongda,$3.18,12/22/2017,China,Nanjing,E-commerce & direct-to-consumer,Shunwei Capital Partners Addor Capital New Horizon Capital
153,Udaan,$3.1,9/4/2018,India,Bengaluru,Supply chain logistics & delivery,DST Global Lightspeed Venture Partners Microsoft ScaleUp
154,HighRadius,$3.1,1/7/2020,United States,Houston,Fintech,Susquehanna Growth Equity Citi Ventures ICONIQ Capital
155,SentinelOne,$3.1,2/19/2020,United States,Mountain View,Cybersecurity,Granite Hill Capital Partners Data Collective Tiger Global Management
156,VANCL,$3,12/14/2010,China,Beijing,E-commerce & direct-to-consumer,Ceyuan Ventures QiMing Venture Partners Temasek Holdings
157,Warby Parker,$3,4/30/2015,United States,New York,E-commerce & direct-to-consumer,BoxGroup Felicis Ventures First Round Capital
158,Yixia,$3,11/24/2015,China,Beijing,Mobile & telecommunications,Sequoia Capital China Sina Weibo Kleiner Perkins Caufield & Byers Redpoint Ventures
159,Xiaohongshu,$3,3/31/2016,China,Shanghai,E-commerce & direct-to-consumer,GGV Capital ZhenFund Tencent
160,Traveloka,$3,1/1/2017,Indonesia,Jakarta,Travel,Global Founders Capital East Ventures Expedia Inc.
161,SouChe Holdings,$3,11/1/2017,China,Hangzhou,E-commerce & direct-to-consumer,Morningside Ventures Warburg Pincus CreditEase Fintech Investment Fund
162,BGL Group,$3,11/24/2017,United Kingdom,Peterborough,Fintech,CPP Investment Board
163,Circle,$3,5/15/2018,United States,Boston,Fintech,General Catalyst Digital Currency Group Accel
164,Zuoyebang,$3,7/18/2018,China,Beijing,Edtech,Sequoia Capital China Xiang He Capital GGV Capital
165,Talkdesk,$3,10/3/2018,United States,San Francisco,Internet software & services,DJF Salesforce Ventures Storm Ventures
166,Netskope,$3,11/13/2018,United States,Santa Clara,Cybersecurity,Lightspeed Venture Partners Social Capital Accel
167,Horizon Robotics,$3,2/27/2019,China,Beijing,Artificial intelligence,Hillhouse Capital Management Linear Venture Morningside Venture Capital
168,Wildlife Studios,$3,12/5/2019,Brazil,Sao Paulo,Other,Benchmark Bessemer Venture Partners
169,Razorpay,$3,10/11/2020,India,Bengaluru,Fintech,Y Combinator Tiger Global Management Matrix Partners India
170,Hinge Health,$3,1/6/2021,United States,San Francisco,Health,Atomico Insight Partners Coatue Management
171,Calendly,$3,1/26/2021,United States,Atlanta,Internet software & services,ICONIQ Capital OpenView Venture Partners
172,BlockFi,$3,3/11/2021,United States,Jersey City,Fintech,ConsenSys Ventures Valar Ventures PUC
173,ActiveCampaign,$3,4/21/2021,United States,Chicago,Internet software & services,Silversmith Capital Partners Susquehanna Growth Equity Tiger Global Management
174,Pine Labs,$3,1/24/2020,India,Noida,Fintech,MasterCard Temasek PayPal Ventures
175,Forter,$3,11/19/2020,United States,New York,Cybersecurity,Sequoia Capital Israel Scale Venture Partners Commerce Ventures
176,Delhivery,$3,2/27/2019,India,Gurgaon,Supply chain logistics & delivery,Times Internet Nexus Venture Partners SoftBank Group
177,FlixMobility,$3,7/18/2019,Germany,Munich,Auto & transportation,Holtzbrinck Ventures Unternehmertum Venture Capital General Atlantic
178,Kraken,$2.92,6/25/2019,United States,San Francisco,Fintech,Bnk To The Future Trammell Ventures SBI Investment
179,OpenAI,$2.92,7/22/2019,United States,San Francisco,Artificial intelligence,Khosla Ventures
180,Ovo,$2.9,3/14/2019,Indonesia,Jakarta,Fintech,Grab Tokopedia Tokyo Century Corporation
181,Loft,$2.9,1/3/2020,Brazil,Sao Paulo,E-commerce & direct-to-consumer,Monashees+ Andreessen Horowitz QED Investors
182,Workrise,$2.9,9/30/2019,United States,Austin,Internet software & services,Founders Fund Quantum Energy Partners Bedrock Capital
183,Bird Rides,$2.85,5/30/2018,United States,Santa Monica,Auto & transportation,Tusk Ventures Craft Ventures Sequoia Capital
184,Meicai,$2.8,6/22/2016,China,Beijing,Mobile & telecommunications,Tiger Global Management Blue Lake Capital ZhenFund
185,OakNorth,$2.8,10/12/2017,United Kingdom,London,Fintech,Clermont Group Coltrane Asset Management Toscafund Asset Management
186,Icertis,$2.8,7/17/2019,United States,Bellevue,Artificial intelligence,Eight Roads Ventures Greycroft Ignition Partners
187,DataRobot,$2.8,7/29/2019,United States,Boston,Artificial intelligence,New Enterprise Associates Accomplice IA Ventures
188,ContentSquare,$2.8,5/25/2021,France,Paris,Internet software & services,Highland Europe Eurazeo Canaan Partners
189,Weee!,$2.8,3/16/2021,United States,Fremont,Supply chain logistics & delivery,Goodwater Capital iFly XVC Venture Capital
190,Graphcore,$2.77,12/18/2018,United Kingdom,Bristol,Artificial intelligence,Dell Technologies Capital Pitango Venture Capital Amadeus Capital Partners
191,Convoy,$2.75,9/21/2018,United States,Seattle,Supply chain logistics & delivery,Greylock Partners capitalG Y Combinator
192,MasterClass,$2.75,5/13/2021,United States,San Francisco,Edtech,Institutional Venture Partners New Enterprise Associates Javelin Venture Partners
193,Sprinklr,$2.7,3/31/2015,United States,New York,Internet software & services,Azure Capital Partners Battery Ventures Intel Capital
194,Tradeshift,$2.7,5/30/2018,United States,San Francisco,Fintech,Notion Capital Scentan Ventures Kite Ventures
195,Toss,$2.6,12/9/2018,South Korea,Seoul,Fintech,Bessemer Venture Partners Qualcomm Ventures Kleiner Perkins Caufield & Byers
196,Airwallex,$2.6,3/25/2019,Australia,Melbourne,Fintech,DST Global Sequoia Capital China Tencent Holdings
197,Dapper Labs,$2.6,3/30/2021,Canada,Vancouver,Fintech,Union Square Ventures Venrock Andreessen Horowitz
198,Xinchao Media,$2.59,4/9/2018,China,Chengdu,Internet software & services,JD.com Baidu Vision Plus Capital
199,23andMe,$2.5,7/3/2015,United States,Sunnyvale,Healh,Google Ventures New Enterprise Associates MPM Capital
200,Vista Global,$2.5,8/23/2017,United Arab Emirates,Dubai,Other,Rhone Capital
201,BYTON,$2.5,4/20/2018,China,Nanjing,Auto & transportation,FAW Group Tencent Holdings Tus Holdings
202,Aihuishou,$2.5,7/12/2018,China,Shanghai,E-commerce & direct-to-consumer,Morningside Ventures JD.com Tiantu Capital
203,Rapyd,$2.5,12/3/2019,United Kingdom,London,Fintech,Target Global General Catalyst Durable Capital Partners
204,Cazoo,$2.5,6/23/2020,United Kingdom,London,E-commerce & direct-to-consumer,dmg ventures General Catalyst Octopus Ventures
205,Acronis,$2.5,9/18/2019,Switzerland,Schaffhausen,Cybersecurity,Goldman Sachs VebVentures Insight Partners
206,AvidXchange,$2.42,6/8/2017,United States,Charlotte,Fintech,Temasek Holdings Charlotte Angel Partners TPG Growth
207,Cgtz,$2.41,2/21/2017,China,Hangzhou,Fintech,Shunwei Capital Partners China Media Group Guangzhou Huiyin Aofeng Equity Investment Fund
208,Star Charge,$2.41,5/19/2021,China,Changzhou,Auto & transportation,Shunwei Capital Partners China Media Group Guangzhou Huiyin Aofeng Equity Investment Fund
209,Carbon,$2.4,8/20/2015,United States,Redwood City,Hardware,Google Ventures Sequoia Capital Wakefield Group
210,Sportradar,$2.4,7/9/2018,Switzerland,St. Gallen,Internet software & services,EQT Partners Technology Crossover Ventures Canada Pension Plan Investment Board
211,PolicyBazaar,$2.4,5/6/2019,India,Gurgaon,Fintech,Info Edge Softbank Capital
212,Duolingo,$2.4,12/4/2019,United States,Pittsburgh,Education,capitalG Union Square Ventures New Enterprise Associates
213,Paxos,$2.4,4/29/2021,United States,New York,Fintech,Liberty City Ventures RRE Ventures Mithril Capital Management
214,Exabeam,$2.4,6/1/2021,United States,San Mateo,Cybersecurity,Norwest Venture Partners Aspect Ventures Lightspeed Venture Partners
215,Collibra,$2.36,1/29/2019,Belgium,Brussels,Data management & analytics,Index Ventures Battery Ventures ICONIQ Capital
216,Bought By Many,$2.35,6/1/2021,United Kingdom,London,Fintech,Octopus Ventures Munich Re Ventures CommerzVentures
217,WEMAKEPRICE,$2.34,9/9/2015,South Korea,Seoul,E-commerce & direct-to-consumer,IMM Investment NXC
218,Uptake,$2.3,10/27/2015,United States,Chicago,Artificial intelligence,Revolution New Enterprise Associates Caterpillar
219,Skydance Media,$2.3,2/11/2020,United States,Santa Monica,Other,RedBird Capital Partners CJ ENM Tencent Holdings
220,Lyra Health,$2.3,8/25/2020,United States,Burlingame,Health,Greylock Partners Venrock Providence Ventures
221,Greenlight,$2.3,9/24/2020,United States,Atlanta,Fintech,Relay Ventures TTV Capital Canapi Ventures
222,Highspot,$2.3,2/22/2021,United States,Seattle,Internet software & services,Madrona Venture Group Shasta Ventures Salesforce Ventures
223,Bowery Farming,$2.3,5/25/2021,United States,New York,Other,Temasek Google Ventures General Catalyst
224,ReNew Power,$2.28,2/14/2017,India,Gurugram,Other,Goldman Sachs JERA Asian Development Bank
225,HEYTEA,$2.26,7/1/2019,China,Shenzhen,Other,Sequoia Capital China Tencent Investment BA Capital
226,Zume,$2.25,11/1/2018,United States,Mountain View,Consumer & retail,Softbank Group AME Cloud Ventures SignalFire
227,Via,$2.25,3/30/2020,United States,New York,Auto & transportation,83North RiverPark Ventures Pitango Venture Capital
228,Planet Labs,$2.2,4/13/2015,United States,San Francisco,Other,Threshold Ventures O'Reilly AlphaTech Ventures Data Collective
229,NuCom Group,$2.2,2/22/2018,Germany,Unterfoehring,Other,General Atlantic
230,Lyell Immunopharma,$2.2,2/8/2019,United States,South San Francisco,Health,ARCH Venture Partners Foresite Capital Altitude Life Science Ventures
231,Checkr,$2.2,9/19/2019,United States,San Francisco,Internet software & services,Y Combinator Accel T. Rowe Price
232,MUSINSA,$2.2,11/11/2019,South Korea,Seoul,E-commerce & direct-to-consumer,Sequoia Capital
233,Attentive,$2.2,9/23/2020,United States,Hoboken,Mobile & telecommunications,NextView Ventures Eniac Ventures Sequoia Capital
234,CRED,$2.2,4/6/2021,India,Bengaluru,Fintech,Tiger Global Management DST Global Ribbit Capital
235,Current,$2.2,4/27/2021,United States,New York,Fintech,Expa QED Investors Foundation Capital
236,Bitso,$2.2,5/5/2021,Mexico,Mexico City,Fintech,Pantera Capital QED Investors Coinbase Ventures
237,Huaqin Telecom Technology,$2.19,10/8/2019,China,Shanghai,Mobile & telecommunications,Zhangjiang Haocheng Venture Capital Walden International Intel Capital
238,YITU Technology,$2.17,3/8/2018,China,Shanghai,Artificial intelligence,Sequoia Capital China Banyan Capital
239,Cockroach Labs,$2.16,1/12/2021,United States,New York,Data management & analytics,Google Ventures Benchmark FirstMark Capital
240,Nextdoor,$2.1,3/4/2015,United States,San Francisco,Internet software & services,Benchmark Capital DAG Ventures Insight Venture Partners
241,FirstCry,$2.1,2/7/2020,India,Pune,E-commerce & direct-to-consumer,SoftBank Group SAIF Partners India Valiant Capital Partners
242,C6 Bank,$2.1,12/2/2020,Brazil,Sao Paulo,Fintech,Credit Suisse
243,Webflow,$2.1,1/13/2021,United States,San Francisco,Internet software & services,Accel Silversmith Capital Partners capitalG
244,6Sense,$2.1,3/30/2021,United States,San Francisco,Artificial intelligence,Venrock Battery Ventures Insight Partners
245,Meesho,$2.1,4/5/2021,India,Bengaluru,Internet software & services,Venture Highway Elevation Capital Prosus Ventures
246,ShareChat,$2.1,4/8/2021,India,Bengaluru,Internet software & services,India Quotient Elevation Capital Lightspeed Venture Partners
247,ReCharge,$2.1,5/6/2021,United States,Los Angeles,Fintech,ICONIQ Growth Bain Capital Ventures Summit Partners
248,Mambu,$2.08,1/6/2021,Germany,Berlin,Fintech,Runa Capital Acton Capital Partners Point Nine Capital
249,Trendy Group International,$2,2/13/2012,Hong Kong,,Consumer & retail,L Capital Partners
250,Avant,$2,12/17/2012,United States,Chicago,Artificial intelligence,RRE Ventures Tiger Global August Capital
251,Tubatu.com,$2,3/9/2015,China,Shenzhen,E-commerce & direct-to-consumer,Sequoia Capital China Matrix Partners China 58.com
252,BlaBlaCar,$2,9/16/2015,France,Paris,Auto & transportation,Accel Partners Index Ventures Insight Venture Partners
253,Quanergy Systems,$2,8/22/2016,United States,Sunnyvale,Auto & transportation,Delphi Automotive Samsung Ventures Motus Ventures
254,HuiMin,$2,9/5/2016,China,Beijing,E-commerce & direct-to-consumer,Zheshang Venture Capital GP Capital Western Capital Management
255,Quora,$2,4/21/2017,United States,Mountain View,Internet software & services,Y Combinator Matrix Partners Benchmark
256,Improbable,$2,5/11/2017,United Kingdom,London,Other,Andreessen Horowitz SoftBank Group Temasek Holdings
257,Kuaikan Manhua,$2,12/1/2017,China,Beijing,Internet software & services,Sequoia Capital China CMC Capital Partners Tencent Holdings
258,Preferred Networks,$2,5/17/2018,Japan,Tokyo,Artificial intelligence,Toyota Motor Corporation Mizuho Financial Group FANUC
259,LegalZoom,$2,7/31/2018,United States,Glendale,Internet software & services,K1 Capital Francisco Partners Neuberger Berman
260,4Paradigm,$2,12/19/2018,China,Beijing,Artificial intelligence,Sequoia Capital China China Construction Bank Bank of China
261,Calm,$2,2/6/2019,United States,San Francisco,Consumer & retail,Insight Venture Partners TPG Growth Sound Ventures
262,Kaseya,$2,3/27/2019,United States,Miami,Cybersecurity,Insight Partners TPG Alternative & Renewable Technologies Ireland Strategic Investment Fund
263,Mafengwo,$2,5/23/2019,China,Beijing,Travel,Qiming Venture Partners Capital Today General Atlantic
264,Druva,$2,6/20/2019,United States,Sunnyvale,Data management & analytics,Nexus Venture Partners Tenaya Capital Sequoia Capital
265,Babylon Health,$2,8/2/2019,United Kingdom,London,Artificial intelligence,Kinnevik Vostok New Ventures Public Investment Fund of Saudi Arabia
266,Kujiale,$2,10/25/2019,China,Hangzhou,Internet software & services,GGV Capital IDG Capital Linear Venture
267,AppsFlyer,$2,1/21/2020,United States,San Francisco,Mobile & telecommunications,Magma Venture Partners Pitango Venture Capital Qumra Capital
268,Notion Labs,$2,4/1/2020,United States,San Francisco,Internet software & services,Index Ventures Draft Ventures Felicis Ventures
269,Figma,$2,4/30/2020,United States,San Francisco,Internet software & services,Index Ventures Greylock Partners Kleiner Perkins Caufield & Byers
270,Dingdong Maicai,$2,5/12/2020,China,Shanghai,E-commerce & direct-to-consumer,Gaorong Capital CMC Capital Partners General Atlantic
271,Keep,$2,5/19/2020,China,Beijing,Mobile & telecommunications,Bertelsmann Asia Investments GGV Capital Morningside Venture Capital
272,Postman,$2,6/11/2020,United States,San Francisco,Internet software & services,Nexus Venture Partners CRV Insight Partners
273,Redis Labs,$2,8/25/2020,United States,Mountain View,Data management & analytics,Viola Ventures Dell Technologies Capital Bain Capital Ventures
274,Unacademy,$2,9/2/2020,India,Bengaluru,Edtech,Blume Ventures Nexus Venture Partners Sequoia Capital India
275,Xingyun B2B,$2,9/24/2020,China,Shenzhen,E-commerce & direct-to-consumer,Matrix Partners China Eastern Bell Capital Hongtai Capital Holdings
276,Tipalti,$2,10/6/2020,United States,San Mateo,Fintech,01 Advisors Zeev Ventures Group 11
277,Unqork,$2,10/6/2020,United States,New York,Fintech,Blackrock capitalG World Lab Innovation
278,Chainalysis,$2,11/23/2020,United States,New York,Fintech,Addition Benhcmark Accel
279,Virta Health,$2,12/2/2020,United States,San Francisco,Health,Caffeinated Capital Obvious Ventures Venrock
280,ISN,$2,12/17/2020,United States,Dallas,Supply chain logistics & delivery,Blackstone
281,NAYUKI,$2,12/30/2020,China,Shenzhen,Other,PAG Yunfeng Capital Tiantu Capital
282,Earnix,$2,2/21/2021,Israel,Giv'atayim,Fintech,Jerusalem Venture Partners Israel Growth Partners Insight Partners
283,ATAI Life Sciences,$2,3/3/2021,Germany,Berlin,Health,Apeiron Investment Group Subversive Capital Thiel Capital
284,Clearco,$2,4/20/2021,Canada,Toronto,Fintech,Highland Capital Partners Oak HC/FT Partners Emergence Capital Partners
285,Hive,$2,4/21/2021,United States,San Francisco,Artificial intelligence,Tomales Bay Capital Bain & Company General Catalyst
286,KRY,$2,4/27/2021,Sweden,Stockholm,Health,Index Ventures Creandum Accel
287,Urban Company,$2.1,4/27/2021,India,Gurgaon,E-commerce & direct-to-consumer,VY Capital Accel Elevation Capital
288,Kajabi,$2,5/4/2021,United States,Irvine,Internet software & services,Meritech Capital Partners Tiger Global Management Spectrum Equity
289,Ethos Technologies,$2,5/11/2021,United States,San Francisco,Fintech,Sequoia Capital Google Ventures Accel
290,ThoughtSpot,$2.05,5/8/2018,United States,Sunnyvale,Internet software & services,Lightspeed Venture Partners Khosla Ventures Geodesic Capital
291,Formlabs,$2,8/1/2018,United States,Somerville,Hardware,Pitango Venture Capital DFJ Growth Fund Foundry Group
292,Pipe,$2,5/19/2021,United States,Miami,Fintech,next47 MaC Venture Capital FinVC
293,Starling Bank,$1.95,3/8/2021,United Kingdom,London,Fintech,JTC Group Qatar Investment Authority Fidelity Investment
294,InVision,$1.9,11/1/2017,United States,New York,Internet software & services,FirstMark Capital Tiger Global Management ICONIQ Capital
295,BillDesk,$1.9,11/16/2018,India,Mumbai,Fintech,Temasek Holdings Visa March Capital Partners
296,eDaili,$1.9,2/1/2019,China,Shanghai,E-commerce & direct-to-consumer,K2VC Lightspeed China Partners Sky9 Capital
297,monday.com,$1.9,7/30/2019,Israel,Tel Aviv,Internet software & services,Entree Capital Genesis Partners Insight Partners
298,Anduril,$1.9,9/11/2019,United States,Irvine,Artificial intelligence,Andreessen Horowitz Founders Fund Revolution Ventures
299,MX Technologies,$1.9,1/13/2021,United States,Lehi,Fintech,Point72 Ventures Pelion Venture Partners Commerce Ventures
300,Digit Insurance,$1.9,1/15/2021,India,Bengaluru,Fintech,Fairfax Financial Holdings A91 Partners TVS Capital
301,Aledade,$1.9,1/19/2021,United States,Bethesda,Health,Venrock CVF Capital Partners ARCH Venture Partners
302,SpotOn,$1.88,5/26/2021,United States,San Francisco,Fintech,Dragoneer Investment Group DST Global Franklin Templeton
303,ENOVATE,$1.85,4/15/2019,China,Shanghai,Auto & transportation,Automobile Industry Guidance Fund
304,Automattic,$1.8,5/27/2013,United States,San Francisco,Internet software & services,Insight Venture Partners Lowercase Capital Polaris Partners
305,ZocDoc,$1.8,8/20/2015,United States,New York,Health,Founders Fund Khosla Ventures Goldman Sachs
306,Diamond Foundry,$1.8,3/29/2021,United States,South San Francisco,Other,Fashion Tech Lab Fidelity Investments Vast Ventures
307,AIWAYS,$1.78,4/16/2018,China,Shanghai,Auto & transportation,Jiangsu Sha Steel Group Shanghai Puyin Industry Funa Yuanchuang Technology
308,Farmers Business Network,$1.75,8/3/2020,United States,San Carlos,Other,Blackrock Kleiner Perkins Caulfield & Byers Google Ventures
309,GOAT,$1.75,9/23/2020,United States,Culver City,E-commerce & direct-to-consumer,Upfront Ventures Webb Investment Network D1 Capital Partners
310,Creditas,$1.75,12/18/2020,Brazil,Sao Paulo,Fintech,Kaszek Ventures Amadeus Capital Partners Quona Capital
311,Trulioo,$1.75,6/7/2021,Canada,Vancouver,Cybersecurity,Blumberg Capital American Express Ventures BDC Venture Capital
312,Apus Group,$1.73,1/16/2015,China,Beijing,Mobile & telecommunications,Redpoint Ventures QiMing Venture Partners Chengwei Capital
313,BetterUp,$1.73,2/25/2021,United States,San Francisco,Internet software & services,Threshold Ventures Lightspeed Venture Partners Crosslink Capital
314,Buzzfeed,$1.7,8/18/2015,United States,New York,Internet software & services,SV Angel RRE Ventures New Enterprise Associates
315,Thumbtack,$1.7,9/29/2015,United States,San Francisco,E-commerce & direct-to-consumer,Tiger Global Sequoia Capital Google Capital
316,Harry's Razor Company,$1.7,2/16/2018,United States,New York,Consumer & retail,Thrive Capital Tiger Global Management Temasek
317,Allbirds,$1.7,10/11/2018,United States,San Francisco,E-commerce & direct-to-consumer,Lerer Hippeau Ventures T. Rowe Price Tiger Global Management
318,PAX,$1.7,10/22/2018,United States,San Francisco,Consumer & retail,Tao Capital Partners Global Asset Capital Tiger Global Management
319,Carta,$1.7,5/6/2019,United States,San Francisco,Fintech,Menlo Ventures Spark Capital Union Square Ventures
320,VTEX,$1.7,9/28/2020,Brazil,Sao Paulo,E-commerce & direct-to-consumer,Riverwood Capital Gavea Investimentos Endeavor
321,Workato,$1.7,1/12/2021,United States,Mountain View,Internet software & services,Battery Ventures Storm Ventures Redpoint Ventures
322,Harness,$1.7,1/14/2021,United States,San Francisco,Artificial intelligence,Menlo Ventures Alkeon Capital Management Citi Ventures
323,Personio,$1.7,1/19/2021,Germany,Munich,Internet software & services,Global Founders Capital Nortzone Ventures Picus Capital
324,DispatchHealth,$1.7,3/3/2021,United States,Denver,Health,Alta Partners Questa Capital Echo Health Venturesl
325,Dutchie,$1.7,3/16/2021,United States,Bend,E-commerce & direct-to-consumer,Casa Verde Capital Gron Ventures Thrity Five Ventures
326,Wiz,$1.7,3/17/2021,Israel,Tel Aviv,Cybersecurity,Insight Partners Sequoia Capital Index Ventures
327,Unite Us,$1.7,3/17/2021,United States,New York,Health,Scout Ventures New York Ventures Define Ventures
328,CircleCI,$1.7,5/11/2021,United States,San Francisco,Internet software & services,Threshold Ventures Baseline Ventures Harrison Metal
329,Alan,$1.68,4/19/2021,France,Paris,Fintech,Index Ventures Temasek Portag3 Ventures
330,XANT,$1.65,4/28/2014,United States,Lehi,Artificial intelligence,Microsoft Ventures US Venture Partners Kleiner Perkins Caufield & Byers
331,wefox,$1.65,3/5/2019,Germany,Berlin,Fintech,Salesforce Ventures Seedcamp OMERS Ventures
332,Trader Interactive,$1.63,5/12/2021,United States,Norfolk,Other,Carsales
333,Jusfoun Big Data,$1.62,7/9/2018,China,Beijing,Data management & analytics,Boxin Capital DT Capital Partners IDG Capital
334,Zhubajie,$1.61,6/16/2015,China,Chongqing,Internet software & services,Cybernaut Growth Fund IDG Capital
335,Monzo,$1.61,10/31/2018,United Kingdom,London,Fintech,Passion Capital Thrive Capital Orange Digital Ventures
336,Infinidat,$1.6,4/29/2015,United States,Waltham,Hardware,TPG Growth Goldman Sachs
337,Afiniti,$1.6,4/14/2017,Bermuda,Hamilton,Artificial intelligence,GAM Holding
338,CAOCAO,$1.6,1/17/2018,China,Hangzhou,Auto & transportation,People Electrical Appliance Group China Zhongrong International Trust
339,sweetgreen,$1.6,11/13/2018,United States,Culver City,Consumer & retail,Red Sea Ventures Fidelity Investments Revolution
340,Seismic,$1.6,12/18/2018,United States,San Diego,Internet software & services,Jackson Square Ventures General Atlantic Lightspeed Venture Partners
341,Verkada,$1.6,1/29/2020,United States,San Mateo,Cybersecurity,next47 First Round Capital Sequoia Capital
342,ASR Microelectronics,$1.6,4/30/2020,China,Shanghai,Hardware,Shenzhen Capital Group Sequoia Capital China Hillhouse Capital Management
343,Clari,$1.6,3/3/2021,United States,Sunnyvale,Internet software & services,Sequoia Capital Bain Capital Ventures enaya Capital
344,Ramp Financial,$1.6,3/29/2021,United States,New York,Fintech,D1 Capital Partners Stripe Coatue Management
345,Tonal,$1.6,3/31/2021,United States,Sacramento,E-commerce & direct-to-consumer,Mayfield Fund Shasta Ventures L Catterton
346,Skims,$1.6,4/9/2021,United States,Culver City,E-commerce & direct-to-consumer,Thrive Capital Alliance Consumer Growth Imaginary Ventures
347,Clio,$1.6,4/27/2021,Canada,Burnaby,Internet software & services,OMERS Private Equity T. Rowe Price Technology Crossover Ventures
348,SafetyCulture,$1.6,5/3/2021,Australia,Sydney,Internet software & services,Blackbird Ventures IndexVentures Tiger Global Management
349,Extend,$1.6,5/18/2021,United States,San Francisco,Fintech,GreatPoint Ventures Meritech Capital Partners PayPal Ventures
350,ASAPP,$1.6,5/19/2021,United States,New York,Artificial Intelligence,March Capital Partners HOF Capital Emergence Capital Partners
351,Cognite,$1.6,5/19/2021,Norway,Lysaker,Data management & analytics,Technology Crossover Ventures Accel Aker
352,SmartHR,$1.6,6/8/2021,Japan,Tokyo,Fintech,BEENEXT World Innovation Lab Light Street Capital
353,Promasidor Holdings,$1.59,11/8/2016,South Africa,Bryanston,Consumer & retail,IFC Ajinomoto
354,Illumio,$1.57,4/14/2015,United States,Sunnyvale,Cybersecurity,Data Collective Formation 8 General Catalyst Partners
355,Baiwang,$1.55,3/25/2019,China,Beijing,Fintech,Guozhong Venture Capital Management Shenzhen Capital Group Oriental Fortune Capital
356,Loom,$1.53,5/20/2021,United States,San Francisco,Internet software & services,Kleiner Perkins Caufield & Byers Sequoia Capital General Catalyst
357,Ximalaya FM,$1.52,9/22/2017,China,Shanghai,Mobile & telecommunications,China Creation Ventures Sierra Ventures Xingwang Investment Management
358,Mu Sigma,$1.5,2/7/2013,United States,Northbrook,Data management & analytics,Sequoia Capital General Atlantic
359,ironSource,$1.5,8/11/2014,Israel,Tel Aviv,Mobile & telecommunications,Access Industries Clal Industries and Investments
360,TuJia,$1.5,6/17/2015,China,Beijing,Travel,GGV Capital QiMing Venture Partnersl
361,Mofang Living,$1.5,4/13/2016,China,Shanghai,E-commerce & direct-to-consumer,Warburg Pincus Aviation Industry Corporation of China
362,Gett,$1.5,5/24/2016,Israel,Tel Aviv,Auto & transportation,Volkswagen Access Industries Vostok New Ventures
363,DT Dream,$1.5,6/8/2017,China,Hangzhou,Data management & analytics,Alibaba Group China Everbright Investment Management Yinxinggu Capital
364,Cybereason,$1.5,6/21/2017,United States,Boston,Cybersecurity,SoftBank Group CRV Spark Capital
365,Changingedu,$1.5,10/30/2017,China,Shanghai,Edtech,Trustbridge Partners IDG Capital Sequoia Capital China
366,XiaoZhu,$1.5,11/1/2017,China,Beijing,Travel,Morningside Ventures Capital Today JOY Capital
367,JOLLY Information Technology,$1.5,5/29/2018,China,Hangzhou,E-commerce & direct-to-consumer,Legend Capital CDH Investments Sequoia Capital China
368,Yijiupi,$1.5,9/20/2018,China,Beijing,Consumer & retail,Source Code Capital Meituan Dianping Tencent Holdings
369,Cambridge Mobile Telematics,$1.5,12/19/2018,United States,Cambridge,Mobile & telecommunications,SoftBank Group
370,Remitly,$1.5,7/10/2019,United States,Seattle,Fintech,DN Capital Threshold Ventures Trilogy Equity Partners
371,Hippo Insurance,$1.5,7/24/2019,United States,Palo Alto,Fintech,Propel Venture Partners Horizons Ventures Comcast Ventures
372,Lenskart,$1.5,12/20/2019,India,Faridabad,E-commerce & direct-to-consumer,Chiratae Ventures PremjiInvest Softbank
373,Podium,$1.5,4/7/2020,United States,Lehi,Internet software & services,Accel Summit Partners Google Ventures
374,ApplyBoard,$1.5,5/5/2020,Canada,Kitchener,Edtech,Artiman Ventures Plug and Play Ventures Anthos Capital
375,Mirakl,$1.5,9/22/2020,France,Paris,E-commerce & direct-to-consumer,Elaia Partners 83North Felix Capital
376,Strava,$1.5,11/16/2020,United States,San Francisco,Internet software & services,Jackson Square Ventures Madrone Capital Partners Sequoia Capital
377,Olive,$1.5,12/1/2020,United States,Columbus,Internet software & services,Drive Capital General Catalyst Ascension Ventures
378,Color,$1.5,1/4/2021,United States,Burlingame,Health,General Catalyst Viking Global Investors T. Rowe Price
379,Enfusion,$1.5,1/11/2021,United States,Chicago,Fintech,FTV Capital
380,K Health,$1.5,1/19/2021,United States,New York,Health,Max Ventures Mangrove Capital Partners 14W
381,Uplight,$1.5,3/3/2021,United States,Boulder,Other,Rubicon Technology Partners Max Ventures Inclusive Capital Partners
382,ID.me,$1.5,3/19/2021,United States,McLean,Cybersecurity,Moonshots Capital BoxGroup Blu Venture Investors
383,Collective Health,$1.5,6/17/2019,United States,San Francisco,Fintech,New Enterprise Associates Founders Fund Google Ventures
384,Handshake,$1.5,5/12/2021,United States,San Francisco,Internet software & services,Kleiner Perkins Caufield & Byers Lightspeed Venture Partners True Ventures
385,Snapdocs,$1.5,5/25/2021,United States,San Francisco,Fintech,Sequoia Capital Y Combinator F-Prime Capital
386,Chipper Cash,$1.5,5/25/2021,United States,San Francisco,Fintech,Deciens Capital Bezos Expeditions 500 Startups
387,Ledger,$1.5,6/10/2021,France,Paris,Hardware,Digital Currency Group Draper Esprit Korelya Capital
388,Yipin Shengxian,$1.49,3/11/2019,China,Hefei,E-commerce & direct-to-consumer,Eastern Bell Capital Capital Today Longzhu Capital
389,ECARX,$1.49,10/26/2020,China,Wuhan,Auto & transportation,Geely SIG Asia Investments China State Capital Venture Capital Fund
390,Bordrin Motors,$1.48,6/3/2019,China,Shanghai,Auto & transportation,China Grand Prosperity Investment CSC Group
391,Coocaa,$1.45,3/16/2018,China,Shenzhen,Hardware,Baidu Tencent Holdings
392,Juma Peisong,$1.45,11/26/2018,China,Chengdu,Supply chain logistics & delivery,Ding Xiang Capital New Hope Fund Sino-Ocean Capital
393,Ouyeel,$1.45,6/27/2019,China,Shanghai,Internet software & services,Taigang Venture Capital
394,Gymshark,$1.45,8/14/2020,United Kingdom,Solihull,E-commerce & direct-to-consumer,General Atlantic
395,Brii BioSciences,$1.45,3/23/2021,United States,Durham,Health,Sequoia Capital China GIC Boyu Capital
396,Zeta,$1.45,5/24/2021,United States,San Francisco,Fintech,Sodexo Ventures SoftBank Group
397,Justworks,$1.43,1/28/2020,United States,New York,Internet software & services,Index Ventures Thrive Capital Bain Capital Ventures
398,Koudai,$1.4,10/23/2014,China,Beijing,E-commerce & direct-to-consumer,Norwest Venture Partners Sequoia Capital India KKR
399,Symphony,$1.4,5/16/2017,United States,New York,Fintech,BNP Paribas Goldman Sachs Google
400,Yidian Zixun,$1.4,10/17/2017,China,Beijing,Mobile & telecommunications,Phoenix New Media Tianjin Haihe Industry Fund
401,Cabify,$1.4,1/22/2018,Spain,Madrid,Auto & transportation,Seaya Ventures Otter Rock Capital Rakuten
402,Hive Box,$1.4,1/23/2018,China,Shenzhen,Supply chain logistics & delivery,Eastern Bell Capital SF Holding Co STO Express
403,Deezer,$1.4,8/2/2018,France,Paris,Internet software & services,Orange Digital Ventures Access Industries
404,Away,$1.4,5/15/2019,United States,New York,E-commerce & direct-to-consumer,Global Founders Capital Comcast Ventures Forerunner Ventures
405,Voodoo,$1.4,8/17/2020,France,Paris,Other,Tencent Holdings Goldman Sachs
406,Kong,$1.4,12/31/2020,United States,San Francisco,Internet software & services,New Enterprise Associates CRV Index Ventures
407,OwnBackup,$1.4,1/28/2021,United States,Englewood Cliffs,Data management & analytics,Insight Partners Salesforce Ventures Vertex Ventures
408,Epidemic Sound,$1.4,3/11/2021,Sweden,Stockholm,Internet software & services,EQT Partners Blackstone
409,Yotpo,$1.4,3/18/2021,United States,New York,Internet software & services,Bessemer Venture Partners Vintage Investment Partners Blumberg Capital
410,Five Star Business Finance,$1.4,3/26/2021,India,Chennai,Other,New Enterprise Associates Tiger Global management Tencent
411,Phenom People,$1.4,4/7/2021,United States,Ambler,Internet software & services,Sierra Ventures AXA Venture Partners Sigma Prime Ventures
412,GupShup,$1.4,4/8/2021,United States,San Francisco,Internet software & services,Helion Venture Partners Tiger Global management CRV
413,Degreed,$1.4,4/13/2021,United States,Pleasanton,Edtech,Signal Peak Ventures Owl Ventures Jump Capital
414,Astranis Space Technologies,$1.4,4/14/2021,United States,San Francisco,Mobile & telecommunications,Refactor Capital Andreessen Horowitz Fifty Years Fund
415,ChargeBee Technologies,$1.4,4/20/2021,United States,Walnut,Fintech,Insight Partners Tiger Global Management Accel
416,Scalable Capital,$1.4,6/8/2021,Germany,Munich,Fintech,BlackRock Tengelmann Ventures Holtzbrinck Ventures
417,Veepee,$1.38,7/20/2007,France,Paris,E-commerce & direct-to-consumer,Summit Partners Qatar Holding
418,DeepBlue Technology,$1.35,4/16/2018,China,Shanghai,Artificial intelligence,DESUN Capital Yunfeng Capital Meridian Capital
419,Klook,$1.35,8/7/2018,Hong Kong,,Travel,Sequoia Capital China Goldman Sachs Matrix Partners China
420,Rippling,$1.35,8/4/2020,United States,San Francisco,Internet software & services,Initialized Capital Y Combinator Kleiner Perkins Caufield & Byers
421,Plume,$1.35,2/23/2021,United States,Palo Alto,Internet software & services,Insight Partners Jackson Square Ventures Liberty Gloval Ventures
422,Melio,$1.34,1/25/2021,Israel,Tel Aviv,Fintech,Accel Aleph American Express Ventures
423,Signifyd,$1.34,4/15/2021,United States,San Jose,Fintech,Menlo Ventures Resolute Ventures IA Ventures
424,Flipboard,$1.32,7/22/2015,United States,Palo Alto,Internet software & services,Kleiner Perkins Caufield & Byers Comcast Ventures Insight Partners
425,Grove Collaborative,$1.32,1/17/2018,United States,San Francisco,E-commerce & direct-to-consumer,MHS Capital NextView Ventures Mayfield Fund
426,GPclub,$1.32,10/22/2018,South Korea,Seoul,Other,Goldman Sachs
427,Tongdun Technology,$1.32,4/25/2019,China,Hangzhou,Cybersecurity,Advantech Capital Temasek Holdings Ltd. Tiantu Capital Co.
428,Alzheon,$1.31,9/30/2020,United States,Framingham,Health,ARCH Venture Partners Ally Bridge Group
429,Zeta Global,$1.3,7/15/2015,United States,New York,Internet software & services,GSO Capital Partners Franklin Square
430,Rocket Lab,$1.3,3/21/2017,United States,Long Beach,Other,Lockheed Martin Khosla Ventures Bessemer Venture Partners
431,HeartFlow,$1.3,12/4/2017,United States,Redwood City,Health,BlueCross BlueShield Venture Partners US Venture Partners
432,Sonder,$1.3,7/11/2019,United States,San Francisco,Travel,Structure Capital Spark Capital Greylock Partners
433,Trax,$1.3,7/22/2019,Singapore,,Artificial intelligence,Hopu Investment Management Boyu Capital DC Thomson Ventures
434,You & Mr Jones,$1.3,11/19/2019,United States,New York,Other,Undisclosed
435,InSightec,$1.3,3/6/2020,Israel,Tirat Carmel,Health,York Capital Management GE Healthcare Koch Disruptive Technologies
436,Arctic Wolf Networks,$1.3,10/22/2020,United States,Eden Prairie,Cybersecurity,Lightspeed Venture Partners Redpoint Ventures Viking Global Investors
437,Everly Health,$1.3,12/3/2020,United States,Austin,E-commerce & direct-to-consumer,Highland Capital Partners Next Coast Ventures SoGal Ventures
438,Manner,$1.3,12/24/2020,China,Shanghai,Other,Coatue Management H Capital Capital Today
439,Innovaccer,$1.3,2/19/2021,United States,San Francisco,Health,M12 WestBridge Capital Lightspeed Venture Partners
440,Socure,$1.3,3/16/2021,United States,New York,Cybersecurity,Two Sigma Ventures Flint Capital Commerce Ventures
441,Coalition,$1.3,3/16/2021,United States,San Francisco,Cybersecurity,Ribbit Capital General Atlantic Index Ventures
442,ABL Space Systems,$1.3,3/25/2021,United States,El Segundo,Other,T. Rowe Price Lockheed Martin Ventures Fidelity Investment
443,Outschool,$1.3,4/14/2021,United States,San Francisco,Edtech,Uniion Square Ventures Tiger Global Management Lightspeed Venture Capital
444,Starry,$1.29,7/3/2018,United States,Boston,Mobile & telecommunications,Social Capital Bessemer Venture Partners
445,Intercom,$1.28,3/27/2018,United States,San Francisco,Internet software & services,FirstMark Capital Tiger Global Management
446,OVO Energy,$1.28,2/14/2019,United Kingdom,Bristol,Other,Mitsubishi Corporation Mayfair Equity Partners
447,WTOIP,$1.27,4/8/2018,China,Guangzhou,Internet software & services,Dark Horse Technology Group Hopu Investment Management Kefa Capital
448,ezCater,$1.25,4/2/2019,United States,Boston,Supply chain logistics & delivery,Insight Venture Partners ICONIQ Capital Launchpad Venture Group
449,KeepTruckin,$1.25,4/23/2019,United States,San Francisco,Supply chain logistics & delivery,Google Ventures Index Ventures Scale Venture Partners
450,Applied Intuition,$1.25,10/22/2020,United States,Sunnyvale,Data management & analytics,Andreessen Horowitz Lux Capital General Catalyst
451,BigID,$1.25,12/16/2020,United States,New York,Cybersecurity,BOLDstart Ventures SAP.iO Fund Scale Venture Partners
452,Rec Room,$1.25,3/23/2021,United States,Seattle,Internet software & services,First Round Capital Sequoia Capital Index Ventures
453,Deel,$1.25,4/21/2021,United States,San Francisco,Fintech,Andreessen Horowitz Spark Capital Y Combinator
454,BrewDog,$1.24,4/10/2017,United Kingdom,Aberdeen,Consumer & retail,TSG Consumer Partners Crowdcube
455,EQRx,$1.23,1/11/2021,United States,Cambridge,Health,Nextech Invest Casdin Capital Google Ventures
456,GalaxySpace,$1.22,11/17/2020,China,Beijing,Mobile & telecommunications,Shunwei Capital Partners 5Y Capital Legend Capital
457,Judo Bank,$1.21,12/23/2020,Australia,Melbourne,Fintech,Ironbridge Capital OPTrust Myer Family Investments
458,Yiguo,$1.2,11/9/2016,China,Shanghai,Supply chain logistics & delivery,Alibaba Group KKR Goldman Sachs
459,Fair,$1.2,12/20/2018,United States,Santa Monica,Auto & transportation,CreditEase Fintech Investment Fund BMW i Ventures SoftBank Group
460,Glossier,$1.2,3/19/2019,United States,New York,Consumer & retail,Forerunner Ventures Institutional Venture Partners Thrive Capital
461,Zipline,$1.2,5/20/2019,United States,South San Francisco,Supply chain logistics & delivery,Sequoia Capital Baillie Gifford & Co. Google Ventures
462,SmartNews,$1.2,8/5/2019,Japan,Tokyo,Mobile & telecommunications,Japan Post Capital Globis Capital Partners Atomico
463,Workhuman,$1.2,6/23/2020,Ireland,Dublin,Internet software & services,ICG
464,FiveTran,$1.2,6/30/2020,United States,Oakland,Data management & analytics<,Matrix Partners Andreessen Horowitz General Catalyst
465,Qumulo,$1.2,7/16/2020,United States,Seattle,Data management & analytics,Madrona Venture Group Kleiner Perkins Caufield & Byers Highland Capital Partners
466,Dialpad,$1.2,10/6/2020,United States,San Francisco,Internet software & services,Andreessen Horowitz Google Ventures Section 32
467,Whoop,$1.2,10/28/2020,United States,Boston,E-commerce & direct-to-consumer,NextView Ventures Promus Ventures Two Sigma Ventures
468,Starburst,$1.2,1/6/2021,United States,Boston,Data management & analytics,Index Ventures Coatue Management Andreessen Horowitz
469,Tealium,$1.2,2/3/2021,United States,San Diego,Internet software & services,Georgian Partners Silver Lake Presidio Ventures
470,Public,$1.2,2/17/2021,United States,New York,Fintech,Accel Greycroft Advancit Capital
471,Axonius,$1.2,3/1/2021,United States,New York,Cybersecurity,Vertex Ventures Israel Bessemer Venture Partners Emerge
472,Savage X Fenty,$1.2,3/16/2021,United States,New York,E-commerce & direct-to-consumer,L Catterton Marcy Venture Partners Advent International
473,Bitpanda,$1.2,3/16/2021,Austria,Vienna,Fintech,Speedinvest Valar Ventures Uniqa Ventures
474,Orca Security,$1.2,3/23/2021,Israel,Tel Aviv-Yafo,Cybersecurity,Redpoint Ventures capitalG ICONIQ Growth
475,Pilot.com,$1.2,3/26/2021,United States,San Francisco,Fintech,Index Ventures Sequoia Capital Bezos Expeditions
476,Paidy,$1.2,3/30/2021,Japan,Tokyo,Fintech,ITOCHU Corporation Arbor Ventures Soros Fund Management
477,Cava Group,$1.2,4/27/2021,United States,Washington,Other,SWaN & Legend Ventures Revolution Growth Invus Group
478,Vectra Networks,$1.2,4/29/2021,United States,San Jose,Artificial intelligence,IA Ventures Khosla Ventures AME Cloud Ventures
479,Ada Support,$1.2,5/7/2021,Canada,Toronto,Artificial intelligence,Version One Ventures Bessemer Venture Partners FirstMark Capital
480,Inari,$1.2,5/12/2021,United States,Cambridge,Other,Flagship Pioneering Alexandria Venture Investments Investment Corporation of Dubai
481,Project44,$1.2,6/1/2021,United States,Chicago,Supply chain logistics & delivery,Emergence Capital Partners 8VC Chicago Ventures
482,Alation,$1.2,6/3/2021,United States,Redwood City,Internet software & services,Costanoa Ventures Data Collective Salesforce Ventures
483,L&P Cosmetic,$1.19,1/1/2016,South Korea,Seoul,Consumer & retail,CDIB Capital
484,Unisound,$1.19,7/19/2018,China,Beijing,Artificial intelligence,Qiming Venture Partners China Internet Investment Fund Qualcomm Ventures
485,Mininglamp Technology,$1.19,3/27/2019,China,Beijing,Artificial intelligence,Russia-China Investment Fund Tencent Holdings Sequoia Capital China
486,Sysdig,$1.19,4/28/2021,United States,San Francisco,Cybersecurity,Accel Bain Capital Ventures Insight Partners
487,Luoji Siwei,$1.18,7/20/2017,China,Beijing,Edtech,Sequoia Capital China Qiming Venture Partners Tencent Holdings
488,Cerebras Systems,$1.17,11/14/2018,United States,Los Altos,Hardware,Benchmark Foundation Capital Sequoia Capital
489,Yimidida,$1.17,1/14/2019,China,Shanghai,Supply chain logistics & delivery,Source Code Capital Global Logistic Properties K2VC
490,Modern Health,$1.17,2/11/2021,United States,San Francisco,Health,Kleiner Perkins Caufield & Byers Afore Capital Founders Fund
491,Tuhu,$1.16,9/15/2018,China,Shanghai,Auto & transportation,Qiming Venture Partners Yaxia Automobile Far East Horizon
492,LifeMiles,$1.15,7/13/2015,Colombia,Bogota,Other,Advent International
493,Venafi,$1.15,12/10/2020,United States,Salt Lake City,Cybersecurity,Pelion Venture Partners Foundation Capital Thoma Bravo
494,Doctolib,$1.14,3/19/2019,France,Paris,Health,BPI France Kerala Ventures Accel
495,Deposit Solutions,$1.13,9/18/2019,Germany,Hamburg,Fintech,e.ventures Greycroft FinLab
496,TELD,$1.12,12/16/2019,China,Qingdao,Fintech,China Reform Fund Gaopeng Capital Jinhui Xingye
497,TangoMe,$1.1,3/20/2014,United States,Mountain View,Mobile & telecommunications,Draper Fisher Jurtson Qualcomm Ventures Alibaba Group
498,AppDirect,$1.1,10/7/2015,United States,San Francisco,E-commerce & direct-to-consumer,Mithril iNovia Capital Foundry Group
499,Juanpi,$1.1,4/14/2016,China,Wuhan,E-commerce & direct-to-consumer,Tiantu Capital SAIF Partners China Newsion Venture Capital
500,OVH,$1.1,8/15/2016,France,Roubaix,Other,KKR TowerBrook Capital Partners
501,Eat Just,$1.1,11/30/2017,United States,San Francisco,Consumer & retail,Khosla Ventures Horizons Ventures Founders Fund
502,GetYourGuide,$1.1,5/16/2019,Germany,Berlin,Travel,Spark Capital Highland Europe Sunstone Capital
503,Ivalua,$1.1,5/21/2019,United States,Redwood City,Fintech,Ardian Tiger Global Management KKR
504,Coveo,$1.1,11/6/2019,Canada,Quebec City,Artificial intelligence,Fonds de Solidarite FTQ Propulsion Ventures BDC Venture Capital
505,Sisense,$1.1,1/9/2020,United States,New York,Data management & analytics,Opus Capital Genesis Partners Battery Ventures
506,Course Hero,$1.1,2/12/2020,United States,Redwood City,Edtech,NewView Capital Maveron Ridge Ventures
507,Sema4,$1.1,7/29/2020,United States,Stamford,Health,Blackrock Connecticut Innovations Deerfield Management
508,Pharmapacks,$1.1,11/12/2020,United States,Islandia,E-commerce & direct-to-consumer,The Carlyle Group
509,SalesLoft,$1.1,1/6/2021,United States,Atlanta,Internet software & services,Caffeinated Capital Obvious Ventures Venrock
510,Nexthink,$1.1,2/8/2021,Switzerland,Prilly,Data management & analytics,Auriga Galeo Ventures Highland Europe
511,Zego,$1.1,3/9/2021,United Kingdom,London,Fintech,LocalGlobe Balderton Capital Target Global
512,Ginger,$1.1,3/24/2021,United States,San Francisco,Health,Kaiser Permanente Ventures Khosla Ventures True Ventures
513,Rightway,$1.1,3/30/2021,United States,New York,Health,Thrive Capital Khosla Ventures Tiger Global Management
514,Misfits Market,$1.1,4/21/2021,United States,Pennsauken,E-commerce & direct-to-consumer,Accel D1 Capita Partners Greenoaks Capital Management
515,Sunbit,$1.1,5/20/2021,United States,Los Angeles,Fintech,Zeev Ventures Group11 Chicago Ventures
516,Biren Technology,$1.09,8/18/2020,China,Shanghai,Hardware,V FUND IDG Capital Green Pine Capital Partners
517,Nxin,$1.08,9/18/2018,China,Beijing,Internet software & services,Beijing Juneng Hesheng Industry Investment Fund Beijing Shuju Xinrong Fund
518,Rubicon Global,$1.07,8/25/2017,United States,Atlanta,Other,Goldman Sachs Leonardo DiCaprio Promecap
519,Radius Payment Solutions,$1.07,11/27/2017,United Kingdom,Crewe,Fintech,Inflexion Private Equity
520,Rivigo,$1.07,7/11/2019,India,Gurgaon,Supply chain logistics & delivery,SAIF Partners India Warburg Pincus Trifecta Capital Advisors
521,Dataiku,$1.06,12/4/2019,United States,New York,Internet software & services,Alven Capital FirstMark Capital capitalG
522,Jiuxian,$1.05,7/30/2015,China,Beijing,E-commerce & direct-to-consumer,Sequoia Capital China Rich Land Capital Merrysunny Wealth
523,Instabase,$1.05,10/21/2019,United States,San Francisco,Data management & analytics,New Enterprise Associates Greylock Partners Andreessen Horowitz
524,Hesai Tech,$1.05,8/1/2020,China,Shanghai,Artificial intelligence,Lightspeed China Partners Baidu Ventures Qiming Venture Partners
525,Proterra,$1.05,10/15/2020,United States,Burlingame,Supply chain logistics & delivery,GM Ventures VentureSouth Kleiner Perkins Caufield & Byers
526,Sendbird,$1.05,4/6/2021,United States,San Mateo,Mobile & telecommunications,FundersClub Y Combinator Tiger Global Management
527,Aprogen,$1.04,5/31/2019,South Korea,Seongnam-Si,Health,Lindeman Asia Investment Nichi-Iko Pharmaceutical
528,OrCam Technologies,$1.03,2/20/2018,Israel,Jerusalem,Artificial intelligence,Intel Capital Aviv Venture Capital
529,Leap Motor,$1.01,11/20/2018,China,Hangzhou,Auto & transportation,Sequoia Capital China Gopher Asset Management Shanghai Electric Group
530,Lookout,$1,10/10/2013,United States,San Francisco,Cybersecurity,Accel Partners Greylock Partners Lowercase Capital
531,Snapdeal,$1,5/21/2014,India,New Delhi,E-commerce & direct-to-consumer,SoftBankGroup Blackrock Alibaba Group
532,TechStyle Fashion Group,$1,8/29/2014,United States,El Segundo,E-commerce & direct-to-consumer,Matrix Partners Passport Capital Rho Ventures
533,InMobi,$1,12/2/2014,India,Bengaluru,Mobile & telecommunications,Kleiner Perkins Caufield & Byers Softbank Corp. Sherpalo Ventures
534,LinkSure Network,$1,1/1/2015,China,Shanghai,Mobile & telecommunications,N/A
535,Red Ventures,$1,1/7/2015,United States,Fort Mill,Other,Silver Lake Partners General Atlantic
536,BeiBei,$1,1/22/2015,China,Hangzhou,E-commerce & direct-to-consumer,Banyan Capital New Horizon Capital IDG Capital Partners
537,Lamabang,$1,3/6/2015,China,Shenzhen,E-commerce & direct-to-consumer,5Y Capital Matrix Partners China K2VC
538,JimuBox,$1,4/21/2015,China,Beijing,Fintech,Matrix Partners China Ventech China Shunwei Capital Partners
539,BenevolentAI,$1,6/2/2015,United Kingdom,London,Artificial intelligence,Woodford Investment Management
540,FXiaoKe,$1,7/2/2015,China,Beijing,Mobile & telecommunications,IDG Capital Northern Light Venture Capital DCM Ventures
541,Vox Media,$1,8/12/2015,United States,Washington,Internet software & services,Accel Partners Comcast Ventures General Atlantic
542,Mia.com,$1,9/8/2015,China,Beijing,E-commerce & direct-to-consumer,Sequoia Capital China ZhenFund K2 Ventures
543,Womai,$1,10/12/2015,China,Beijing,E-commerce & direct-to-consumer,SAIF Partners China Baidu IDG Capital
544,58 Daojia,$1,10/12/2015,China,Beijing,Internet software & services,KKR Alibaba Group Ping An Insurance
545,HuJiang,$1,10/29/2015,China,Shanghai,Edtech,China Minsheng Investment Baidu Wanxin Media
546,iTutorGroup,$1,11/18/2015,China,Shanghai,Edtech,QiMing Venture Partners Temasek Holdings Silverlink Capital
547,MindMaze,$1,1/28/2016,Switzerland,Lausanne,Health,Hinduja Group
548,iCarbonX,$1,4/12/2016,China,Shenzhen,Artificial intelligence,Tencent Vcanbio
549,Age of Learning,$1,5/3/2016,United States,Glendale,Edtech,Iconiq Capital
550,SMS Assist,$1,6/7/2016,United States,Chicago,Internet software & services,Goldman Sachs Insights Venture Partners Pritzker Group Venture Capital
551,Kendra Scott,$1,12/21/2016,United States,Austin,Consumer & retail,Berkshire Partners Norwest Venture Partners
552,Mobvoi,$1,4/6/2017,China,Beijing,Consumer & retail,Sequoia Capital China SIG Asia Investments ZhenFund
553,Zhuan Zhuan,$1,4/18/2017,China,Beijing,E-commerce & direct-to-consumer,58.com Tencent Holdings
554,Modernizing Medicine,$1,5/10/2017,United States,Boca Raton,Health,Warburg Pincus Summit Partners Sands Capital
555,Zhaogang,$1,6/29/2017,China,Shanghai,E-commerce & direct-to-consumer,K2 Ventures Matrix Partners China IDG Capital
556,DianRong,$1,8/2/2017,China,Shanghai,E-commerce & direct-to-consumer,Standard Chartered FinSight Ventures Affirma Capital
557,Cell C,$1,8/7/2017,South Africa,Midrand,Mobile & telecommunications,Blue Label Telecoms Net1 UEPS Technologies
558,YH Global,$1,9/21/2017,China,Shenzhen,Supply chain logistics & delivery,Co-Energy Finance Grandland
559,Revolution Precrafted,$1,10/23/2017,Philippines,Manila,Other,K2 Global 500 Startups
560,WeLab,$1,11/8/2017,Hong Kong,,Fintech,Sequoia Capital China ING Alibaba Entrepreneurs Fund
561,Maimai,$1,11/15/2017,China,Beijing,Mobile & telecommunications,Morningside Venture Capital IDG Capital DCM Ventures
562,Payoneer,$1,12/5/2017,United States,New York,Fintech,Susquehanna Growth Equity 83North China Broadband Capital
563,Rani Therapeutics,$1,2/8/2018,United States,San Jose,Health,Google Ventures VentureHealth InCube Ventures
564,Upgrade,$1,2/12/2018,United States,San Francisco,Fintech,Union Square Ventures Ribbit Capital VY Capital
565,Dxy.cn,$1,4/10/2018,China,Hangzhou,Health,Tencent Holdings DCM Ventures
566,SoundHound,$1,5/3/2018,United States,Santa Clara,Artificial intelligence,Tencent Holdings Walden Venture Capital Global Catalyst Partnera
567,HMD Global,$1,5/21/2018,Finland,Espoo,Mobile & telecommunications,Ginko Ventures
568,Orbbec Technology,$1,5/21/2018,China,Shenzhen,Hardware,R-Z Capital Green Pine Capital Partners SAIF Partners China
569,Huike Group,$1,5/24/2018,China,Beijing,Edtech,Fosun RZ Capital Oceanwide Holdings Shenzhen Qianhe Capital Management Co.
570,China Cloud,$1,6/11/2018,China,Wuxi,Hardware,V Star Capital GF Xinde Investment Management Co. Haitong Leading Capital Management
571,LinkDoc Technology,$1,7/5/2018,China,Beijing,Health,China Investment Corporation New Enterprise Associates
572,MediaMath,$1,7/10/2018,United States,New York,Internet software & services,Silicon Valley Bank QED Investors European Founders Fund
573,Movile,$1,7/12/2018,Brazil,Sao Paulo,Mobile & telecommunications,Innova Capital - FIP 3G Capital Management Prosus Ventures
574,Kuaigou Dache,$1,7/13/2018,China,Tianjin,Supply chain logistics & delivery,Sequoia Capital China InnoVision Capital Qianhai Fund of Funds
575,Pat McGrath Labs,$1,7/16/2018,United States,New York,Consumer & retail,One Luxury Group Eurazeo
576,Wacai,$1,7/18/2018,China,Hangzhou,Mobile & telecommunications,Qiming Venture Partners China Broadband Capital CDH Investments
577,About You,$1,7/19/2018,Germany,Hamburg,E-commerce & direct-to-consumer,German Media Pool Seven Venture Capital
578,Medlinker,$1,7/31/2018,China,Chengdu,Health,China Health Industry Investment Fund China Renaissance and Sequoia Capital China
579,FlashEx,$1,8/27/2018,China,Beijing,Supply chain logistics & delivery,Prometheus Capital Matrix Partners China JD Capital Management
580,Branch,$1,9/10/2018,United States,Redwood City,Mobile & telecommunications,New Enterprise Associates Pear Cowboy Ventures
581,Banma Network Technologies,$1,9/13/2018,China,Shanghai,Auto & transportation,Yunfeng Capital SDIC Innovation Investment Management Shang Qi Capital
582,Tresata,$1,10/10/2018,United States,Charlotte,Fintech,GCP Capital Partners
583,Momenta,$1,10/17/2018,China,Beijing,Artificial intelligence,Sinovation Ventures Tencent Holdings Sequoia Capital China
584,Hosjoy,$1,10/18/2018,China,Nanjing,E-commerce & direct-to-consumer,U.S.-China Green Fund Founder H Fund Richland Equities
585,Omio,$1,10/23/2018,Germany,Berlin,Travel,Lakestar Battery Ventures New Enterprise Associates
586,TERMINUS Technology,$1,10/25/2018,China,Beijing,Hardware,China Everbright Limited IDG Capital iFLYTEK
587,BitFury,$1,11/6/2018,Netherlands,Amsterdam,Hardware,Georgian Co-Investment Fund iTech Capital Galaxy Digital
588,WalkMe,$1,11/13/2018,United States,San Francisco,Internet software & services,Gemini Israel Ventures Insight Venture Partners Giza Venture Capital
589,iFood,$1,11/13/2018,Brazil,Osasco,Supply chain logistics & delivery,Movile Just Eat Naspers
590,Geek+,$1,11/21/2018,China,Beijing,Hardware,Volcanics Ventures Vertex Ventures China Warburg Pincus
591,REEF Technology,$1,12/10/2018,United States,Miami,Supply chain logistics & delivery,Target Global UBS Asset Management Mubadala Capital
592,Globality,$1,1/22/2019,United States,Menlo Park,Artificial intelligence,SoftBank Group
593,Ynsect,$1,2/21/2019,France,Evry,Other,Astanor Ventures Upfront Ventures IDInvest Partners
594,OCSiAl,$1,3/4/2019,Luxembourg,Leudelange,Other,A&NN Rusnano
595,Intellifusion,$1,3/22/2019,China,Shenzhen,Artificial intelligence,BOC International TopoScend Capital Hongxiu VC
596,Liquid,$1,4/3/2019,Japan,Tokyo,Fintech,JAFCO Co Bitmain Technologies IDG Capital
597,Poizon,$1,4/29/2019,China,Shanghai,Mobile & telecommunications,DST Global Sequoia Capital China Gaorong Capital
598,VTS,$1,5/7/2019,United States,New York,Internet software & services,Trinity Ventures Fifth Wall Ventures OpenView Venture Partners
599,SITECH DEV,$1,5/16/2019,China,Guiyang,Other,China Prosperity Capital
600,KnowBox,$1,5/30/2019,China,Beijing,Edtech,TAL Education Group Legend Star Alibaba Group
601,Loggi,$1,6/5/2019,Brazil,Sao Paulo,Supply chain logistics & delivery,Qualcomm Ventures SoftBank Group. Monashees+
602,Yanolja,$1,6/10/2019,South Korea,Seoul,Travel,SBI Investment Korea Partners Investment GIC
603,Gympass,$1,6/12/2019,United States,New York,Internet software & services,General Atlantic SoftBank Group Atomico
604,Meero,$1,6/18/2019,France,Paris,Artificial intelligence,Aglae Ventures Global Founders Capital Alven Capital
605,Miaoshou Doctor,$1,6/27/2019,China,Beijing,E-commerce & direct-to-consumer,Sequoia Capital China Qiming Venture Partners Tencent Holdings
606,Ola Electric Mobility,$1,7/2/2019,India,Bengaluru,Auto & transportation,SoftBank Group Tiger Global Management Matrix Partners India
607,Lightricks,$1,7/31/2019,Israel,Jerusalem,Artificial intelligence,Viola Ventures Insight Partners ClalTech Goldman Sachs
608,Ibotta,$1,8/6/2019,United States,Denver,Fintech,Koch Disruptive Technologies Teamworthy Ventures GGV Capital
609,C2FO,$1,8/7/2019,United States,Leawood,Fintech,Union Square Ventures Summerhill Venture Partners Mithril Capital Management
610,Numbrs,$1,8/22/2019,Switzerland,Zurich,Fintech,Investment Corporation of Dubai Centralway
611,CMR Surgical,$1,9/17/2019,United Kingdom,Cambridge,Health,Cambridge Innovation Capital LGT Capital Partners Escala Capital
612,Grammarly,$1,10/10/2019,United States,San Francisco,Internet software & services,General Catalyst Institutional Venture Partners Breyer Capital
613,EBANX,$1,10/16/2019,Brazil,Curitiba,Fintech,FTV Capital Endeavor
614,Pendo,$1,10/17/2019,United States,Raleigh,Internet software & services,Contour Venture Partners Battery Ventures Core Capital Partners
615,KK Group,$1,10/23/2019,China,Dongguan,E-commerce & direct-to-consumer,Matrix Partners China Bright Venture Capita Shenzhen Capital Group
616,Vacasa,$1,10/29/2019,United States,Portland,Travel,Level Equity NewSpring Holdings Riverwood Capital
617,Riskified,$1,11/5/2019,United States,New York,Cybersecurity,Entree Capital Genesis Partners Qumra Capital
618,Bright HealthCare,$1,12/17/2019,United States,Minneapolis,Health,Bessemer Venture Partners New Enterprise Associates Greenspring Associates
619,Glovo,$1,12/19/2019,Spain,Barcelona,Supply chain logistics & delivery,IDInvest Partners Seaya Ventures Lakestar
620,ClassPass,$1,1/8/2020,United States,New York,Internet software & services,General Catalyst L Catterton Acequia Capital
621,Alto Pharmacy,$1,1/30/2020,United States,San Francisco,Health,Jackson Square Ventures Greenoaks Capital Management Softbank Group
622,o9 Solutions,$1,4/28/2020,United States,Dallas,Artificial intelligence,KKR
623,Emerging Markets Property Group,$1,4/28/2020,United Arab Emirates,Dubai,Other,OLX Group KCK Group EXOR Seeds
624,Quizlet,$1,5/13/2020,United States,San Francisco,Edtech,Union Square Ventures Altos Ventures Costanoa Ventures
625,Apeel Sciences,$1,5/26/2020,United States,Goleta,Other,Upfront Ventures Tao Capital Partners Andreessen Horowitz
626,Lilium Aviation,$1,6/9/2020,Germany,Wessling,Other,Freigeist Capital Obvious Ventures Atomico
627,Orca Bio,$1,6/17/2020,United States,Menlo Park,Health,Lightspeed Venture Partners Data Collective 8VC
628,KKW Beauty,$1,6/29/2020,United States,Woodland Hills,E-commerce & direct-to-consumer,Coty
629,VillageMD,$1,7/8/2020,United States,Chicago,Health,Kinnevik Oak HC/FT Partners Walgreens Boots Alliance
630,Trumid,$1,7/15/2020,United States,New York,Fintech,T. Rowe Price Dragoneer Investment Group BlackRock
631,Innovium,$1,7/21/2020,United States,San Jose,Hardware,WRVI Capital Qualcomm Ventures S-Cubed Capital
632,Infobip,$1,7/30/2020,Croatia,Vodnjan,Mobile & telecommunications,One Equity Partners
633,Mollie,$1,9/8/2020,Netherlands,Amsterdam,Fintech,Technology Crossover Ventures
634,Zwift,$1,9/16/2020,United States,Long Beach,E-commerce & direct-to-consumer,Novator Partners True Causeway Media Partners
635,Playco,$1,9/21/2020,Japan,Tokyo,Other,Sozo Ventures Caffeinated Capital Sequoia Capital
636,Socar,$1,10/16/2020,South Korea,Jeju-do,Auto & transportation,Bain Capital Altos Ventures Songhyun Investment
637,Tekion,$1,10/21/2020,United States,San Ramon,Internet software & services,Airbus Ventures Index Ventures Advent International
638,Eightfold.ai,$1,10/27/2020,United States,Mountain View,Internet software & services,Foundation Capital Institutional Venture Partners General Catalyst
639,Gousto,$1,11/3/2020,United Kingdom,London,Supply chain logistics & delivery,MMC Ventures BGF Ventures Unilever Ventures
640,Cato Networks,$1,11/17/2020,Israel,Tel Aviv,Cybersecurity,Aspect Ventures SingTel Innov8 Greylock Partners
641,Cars24,$1,11/24/2020,India,Gurgaon,E-commerce & direct-to-consumer,Moore Strategic Ventures DST Global Unbound
642,Cityblock Health,$1,12/10/2020,United States,Brooklyn,Health,Thrive Capital Maverick Ventures Redpoint Ventures
643,Zenoti,$1.5,12/15/2020,United States,Bellevue,Internet software & services,Norwest Venture Partners Accel Tiger Global Management
644,ClickUp,$1,12/15/2020,United States,San Diego,Internet software & services,Georgian Partners Craft Ventures
645,Boom Supersonic,$1,12/16/2020,United States,Englewood,Other,WRVI Capital Caffeinated Capital Y Combinator
646,Dave,$1,9/30/2019,United States,Los Angeles,Fintech,Section 32 SV Angel Norwest Venture Partners
647,AInnovation,$1,12/16/2020,China,Beijing,Artificial intelligence,CICC ALPHA Chengwei Capital Sinovation Ventures
648,Qualia,$1,12/21/2020,United States,San Francisco,Fintech,8VC Menlo Ventures Tiger Global Management
649,DailyHunt,$1,12/22/2020,India,Bengaluru,Internet software & services,Falcon Edge Capital Omidyar Network Sequoia Capital India
650,Dremio,$1,1/6/2021,United States,Santa Clara,Data management & analytics,Lightspeed Venture Partners Redpoint Ventures Norwest Venture Partners
651,Lacework,$1,1/7/2021,United States,Alviso,Cybersecurity,Sutter Hill Ventures Liberty Global Ventures Coatue Management
652,Quantum Metric,$1,1/7/2021,United States,Colorado Springs,Data management & analytics,Insight Partners Bain Capital Ventures
653,MadeiraMadeira,$1,1/7/2021,Brazil,Parana,E-commerce & direct-to-consumer,Flybridge Capital Partners SoftBank Group Monashees+
654,Sennder,$1.1,1/14/2021,Germany,Berlin,Supply chain logistics & delivery,Accelm Scania Growth Capital Lakestar
655,PPRO,$1,1/19/2021,United Kingdom,London,Fintech,Wellington Management Eurazeo Citi Ventures
656,Sidecar Health,$1,1/26/2021,United States,El Segundo,Fintech,GreatPoint Ventures Tiger Global Management Menlo Ventures
657,Splashtop,$1,1/27/2021,United States,San Jose,Internet software & services,Storm Ventures DFJ DragonFund New Enterprise Associates
658,DriveNets,$1,1/27/2021,Israel,Ra'anana,Internet software & services,Bessemer Venture Partners Pitango Venture Capital D1 Capital Partners
659,Axiom Space,$1,2/16/2021,United States,Houston,Other,C5 Capital Hemisphere Ventures The Venture Collective
660,Locus Robotics,$1,2/17/2021,United States,Wilmington,Hardware,Scale Venture Partners Bond Tiger Global Management
661,Standard Cognition,$1,2/17/2021,United States,San Francisco,Artificial intelligence,CRV Y Combinator Initialized Capital
662,Sentry,$1,2/18/2021,United States,San Francisco,Other,New Enterprise Associates Accel Bond
663,WeBull,$1,2/18/2021,China,Changsha,Fintech,Bojiang Capital Hongdao Capital Mobai Capital
664,Newsela,$1,2/25/2021,United States,New York,Internet software & services,Owl Ventures Technology Crossover Ventures Tao Capital Partners
665,Infra.Market,$1,2/25/2021,India,Thane,E-commerce & direct-to-consumer,Accel Tiger Global Management Nexus Venture Partners
666,Skydio,$1,2/25/2021,United States,Redwood City,Supply chain logistics & delivery,Andreessen Horowitz Andreessen Horowitz Institutional Venture Partners Accel
667,Vestiaire Collective,$1,3/1/2021,France,Paris,E-commerce & direct-to-consumer,Eurazeo IDInvest Partners Balderton Capital
668,Papaya Global,$1,3/4/2021,United States,New York,Internet software & services,Bessemer Venture Partners Insight Partners New Era Ventures
669,Flutterwave,$1,3/9/2021,United States,San Francisco,Fintech,Green Visor Capital CRE Venture Capital Greycroft
670,Aqua Security,$1,3/10/2021,Israel,Ramat Gan,Cybersecurity,TLV Partners Lightspeed Venture Partners M12
671,PatSnap,$1,3/16/2021,Singapore,,Internet software & services,Sequoia Capital China Shunwei Capital Partners Qualgro
672,Side,$1,3/22/2021,United States,San Francisco,Internet software & services,Coatue Managemeny Trinity Ventures Matrix Partners
673,Evidation Health,$1,3/22/2021,United States,San Mateo,Health,B Capital Group GE Ventures McKesson Ventures
674,Lattice,$1,3/23/2021,United States,San Francisco,Internet software & services,Khosla Ventures Thrive Capital Y Combinator
675,Feedzai,$1,3/24/2021,United States,San Mateo,Artificial intelligence,Global Founders Capital Shea Ventures Greycroft
676,Hopper,$1,3/24/2021,Canada,Montreal,Travel,Capital One Growth Ventures Citi Ventures OMERS Ventures
677,Pacaso,$1,3/24/2021,United States,Cincinnati,Fintech,Global Founders Capital Shea Ventures Greycroft
678,Gorillas,$1,3/25/2021,Germany,Berlin,E-commerce & direct-to-consumer,Coatue Management Atlantic Food Labs DST Global
679,Yunxuetang,$1,3/29/2021,China,Suzhou,Edtech,Matrix Partners China Sequoia Capital China Hundreds Capital
680,Cameo,$1,3/30/2021,United States,Chicago,Internet software & services,Lightspeed Venture Partners Kleiner Perkins Caufield & Byers Origin Ventures
681,Fetch Rewards,$1,3/31/2021,United States,Madison,E-commerce & direct-to-consumer,Greycroft Loeb.NYC DST Global
682,Groww,$1,4/7/2021,India,Bengaluru,Fintech,Tiger Global Management Sequoia Capital India Ribbit Capital
683,The Zebra,$1,4/12/2021,United States,Austin,E-commerce & direct-to-consumer,Silverton Partners Accel Ballast Point Ventures
684,Groq,$1,4/14/2021,United States,Mountain View,Artificial intelligence,TDK Ventures Social Capital D1 Capital Partners
685,Clearcover,$1,4/13/2021,United States,Chicago,Fintech,American Family Ventures Cox Enterprises OMERS Ventures
686,Injective Protocol,$1,4/20/2021,United States,New York,Fintech,Pantera Capital Cadenza Ventures BlockTower Capital
687,Sift,$1,4/22/2021,United States,San Francisco,Artificial intelligence,Union Square Ventures Insight Partners Spark Capital
688,SaltPay,$1,4/23/2021,United Kingdom,London,Fintech,Tiger Global Management Hedosophia
689,Capsule,$1,4/28/2021,United States,New York,Health,Thrive Capital Durable Capital Partners G Squared
690,MOLOCO,$1,4/29/2021,United States,Redwood City,Artificial intelligence,Smilegate Investment DSC Investments KTB Ventures
691,Mux,$1,4/30/2021,United States,San Francisco,Internet software & services,Accel Cobalt Capital Andreessen Horowitz
692,Firefly Aerospace,$1,5/4/2021,United States,Cedar Park,Other,XBTO Ventures Raven One Ventures SK Ventures
693,HoneyBook,$1,5/4/2021,United States,San Francisco,Internet software & services,Norwest Venture Partners Hillsven Capital Aleph
694,TensTorrent,$1,5/5/2021,Canada,Toronto,Artificial intelligence,Eclipse Ventures Fidelity Investments Moore Capital Management
695,Shift Technology,$1,5/6/2021,France,Paris,Artificial intelligence,Griffin Gaming Partners Andreessen Horowitz Battery Ventures
696,Forte Labs,$1,5/12/2021,United States,San Francisco,Fintech,Iris Capital Accel Elaia Partners
697,Axtria,$1,5/13/2021,United States,Berkeley Height,Data management & analytics,Helion Venture Partners Bain Capital Tech Opportunities Sequoia Capital India
698,Amount,$1,5/17/2021,United States,Chicago,Fintech,Invus Group Hanaco Venture Capital WestCap Group
699,Moglix,$1,5/17/2021,Singapore,,E-commerce & direct-to-consumer,Jungle Ventures Accel Venture Highway
700,Vise,$1,5/18/2021,United States,New York,Fintech,Sequoia Capital Founders Fund Bling Capital
701,Printful,$1,5/24/2021,United States,Charlotte,Other,Bregal Sagemount
702,Flash Express,$1,2/1/2021,Thailand,Bangkok,Supply chain logistics & delivery,SCB 10X Krungsri Finnovate eWTP Capital
703,Shippo,$1,6/2/2021,United States,San Francisco,Supply chain logistics & delivery,Version One Ventures Uncork Capital Bessemer Venture Partners
704,Thirty Madison,$1,6/2/2021,United States,New York,Health,Northzone Ventures Maveron Johnson & Johnson Innovation
705,LetsGetChecked,$1,6/7/2021,Ireland,Dublin,Health,Optum Ventures Qiming Venture Partners Transformation Capital
706,VerbIT,$1,6/8/2021,Israel,Tel Aviv,Artificial intelligence,ClalTech Vertex Ventures Oryzn Capital
707,Aura,$1,6/9/2021,United States,Burlington,Cybersecurity ,Warburg Pincus General Catalyst
